{
    "norm_ssd_mean": 0.9658570224392372,
    "norm_ssd_var": 18.227158870934492,
    "norm_ec_mean": 87.77314852935869,
    "norm_ec_var": 2063.775970101452,
    "norm_pw_mean": 0.2576644736842105,
    "norm_pw_var": 0.019834108713957445,
    "norm_fsd_mean": -0.027941376880276605,
    "norm_fsd_var": 81.24625090791169
}