{
    "norm_ssd_mean": 1.682723413961997,
    "norm_ssd_var": 8.516088433826527,
    "norm_ec_mean": 221.31795790924878,
    "norm_ec_var": 20148.040336788883,
    "norm_pw_mean": 0.25766447368421064,
    "norm_pw_var": 0.01983410871395743,
    "norm_fsd_mean": -0.060713653513190205,
    "norm_fsd_var": 86.39746990090006
}