{
    "norm_ssd_mean": 0.7959195672074951,
    "norm_ssd_var": 42.23231069490798,
    "norm_ec_mean": 80.21523067117835,
    "norm_ec_var": 1865.2466108430765,
    "norm_pw_mean": 0.2821941489361702,
    "norm_pw_var": 0.01998813783810548,
    "norm_fsd_mean": -0.0003239464531677212,
    "norm_fsd_var": 80.55648188802527
}