{
    "norm_ssd_mean": 1.9207879404637143,
    "norm_ssd_var": 4.3688994779298245,
    "norm_ec_mean": 280.88078793984795,
    "norm_ec_var": 23423.369507809588,
    "norm_pw_mean": 0.2856091030789826,
    "norm_pw_var": 0.020263183210306648,
    "norm_fsd_mean": -0.0030297188966905367,
    "norm_fsd_var": 74.52320979576238
}